Oil: Production*;;;;;;;;;;;;;;;;;;;;;;;;;;;;;;;;;;;;;;;;;;;;;;;;;;;;;;;;;;;;;;
;;;;;;;;;;;;;;;;;;;;;;;;;;;;;;;;;;;;;;;;;;;;;;;;;;;;;;;;;;;;Growth rate per annum;;Share
Country;1965;1966;1967;1968;1969;1970;1971;1972;1973;1974;1975;1976;1977;1978;1979;1980;1981;1982;1983;1984;1985;1986;1987;1988;1989;1990;1991;1992;1993;1994;1995;1996;1997;1998;1999;2000;2001;2002;2003;2004;2005;2006;2007;2008;2009;2010;2011;2012;2013;2014;2015;2016;2017;2018;2019;2020;2021;2022;2023;2023;2013-23;2023
;;;;;;;;;;;;;;;;;;;;;;;;;;;;;;;;;;;;;;;;;;;;;;;;;;;;;;;;;;;;;;
Canada;43,9;48,2;52,7;57,1;62,2;70,1;75,2;86,7;100,3;94,4;81,6;75,3;75,6;75,2;86,3;83,3;75,4;74,6;78,6;83,8;85,7;85,7;90,3;95,1;92,6;92,8;93,2;97,2;102,3;106,7;111,9;115,5;120,7;125,1;121;125,1;126,2;133;140,6;145,2;142,7;151;155,7;153,2;153,2;160,6;170,1;182,9;195,4;209,8;216,1;218,8;236,6;257,7;263,5;252;266,6;273,9;277,9;1,43%;3,60%;6,20%
Mexico;18,1;18,5;20,5;21,9;23;24,2;24,1;25,1;25,9;32,4;40,2;44,8;54,4;66,7;80,7;107,2;128;151;147,1;148,3;145,9;136,9;143;142,7;143,1;145,2;152,8;153;153,3;154,2;150,2;162,4;169,6;173,5;165,5;170,3;175,9;177,8;188,2;190;186,5;182,5;172,2;156,9;146,7;145,6;144,5;143,9;141,8;137,1;127,5;121,4;109,5;102,3;94,9;95,1;96,4;97,6;102,5;5,02%;-3,20%;2,30%
US;427,7;454,5;484,2;502,9;511,4;533,5;525,9;527,9;514,7;491,4;469,8;458;462,8;484,2;477;480,2;478,8;480,7;483;496,1;498,7;482,3;467,3;459,1;429;416,6;422,9;413;397;387,5;383,6;382,1;380;368,1;352,6;347,6;344,5;341,9;332,6;325,4;309;304,5;305;302,2;322,6;333,1;346,4;395,3;448,6;524,6;567;542,7;574,2;669,6;751;713,3;715,9;762,1;827,1;8,54%;6,30%;18,30%
Total North America;489,6;521,2;557,4;581,9;596,5;627,7;625,2;639,7;640,8;618,2;591,5;578,1;592,7;626,1;643,9;670,7;682,2;706,3;708,6;728,3;730,2;704,9;700,6;696,8;664,7;654,5;668,9;663,2;652,6;648,4;645,7;659,9;670,3;666,7;639,1;643;646,5;652,7;661,4;660,6;638,2;638;632,9;612,4;622,4;639,4;661,1;722;785,8;871,5;910,6;882,9;920,3;1029,6;1109,4;1060,4;1079;1133,6;1207,5;6,52%;4,40%;26,80%
;;;;;;;;;;;;;;;;;;;;;;;;;;;;;;;;;;;;;;;;;;;;;;;;;;;;;;;;;;;;;;
Argentina;13,8;14,6;16;17,5;18,1;20;21,6;22,2;21,6;21,1;20,3;20,4;22,1;23,2;24,3;25,3;25,7;25,6;25,7;25,1;24,2;22,9;22,6;23,7;24,2;25,4;25,9;29;31,1;34,5;37,5;40,8;43,4;44;41,7;41,3;43,9;43,3;43,1;41;39,4;39,4;38,2;37,8;34;33,3;31,2;30,8;30,2;29,8;30;28,6;27,3;27,6;33,8;33,7;37,6;45,4;51,2;12,98%;5,40%;1,10%
Brazil;5;6,2;7,8;8,5;9,3;8,8;9,2;9;9,2;9,6;9,3;9,1;8,7;8,7;9;9,9;11,5;14,1;17,8;25;29,5;31;30,8;30,1;32,2;34,1;33,7;34,2;34,9;36,2;37,5;42,5;45,6;52,7;59,5;67,1;70,2;78,6;81,5;80,9;89;94;95,4;99,1;106;111,6;114;112,4;110,2;122,5;132,2;136,7;142,6;140,6;151,2;159,3;156,9;163,2;183,7;12,55%;5,20%;4,10%
Colombia;10,7;10,4;10,1;9,3;11,2;11,8;11,7;10,6;9,9;9,1;8,5;7,9;7,5;7,1;6,7;6,8;7,3;7,6;8,2;9;9,5;16,1;20,4;20;21,4;23,4;22,6;23,3;24;24,1;31;33,4;34,8;40,4;43,7;36,3;31,8;30,4;28,5;27,9;27,7;27,8;28;31;35,3;41,4;48,2;49,9;53,2;52,2;53;46,8;45;45,6;46,7;41,3;38,8;39,7;40,9;3,05%;-2,60%;0,90%
Ecuador;0,4;0,4;0,3;0,3;0,2;0,2;0,2;4,2;11,2;9,5;8,6;10,1;9,8;10,9;11,5;11;11,4;11,4;12,8;13,9;15,2;15,9;9,4;16,5;15,2;15,5;16,3;17,5;18,7;20,6;21;20,9;21,1;20,4;20,3;21,6;21,9;21,1;22,5;28,3;28,6;28,8;27,5;27,2;26,1;26,1;26,8;27,1;28,2;29,8;29,1;29,5;28,5;27,7;28,5;25,8;25,3;25,8;25,5;-1,18%;-1,00%;0,60%
Guyana;-;-;-;-;-;-;-;-;-;-;-;-;-;-;-;-;-;-;-;-;-;-;-;-;-;-;-;-;-;-;-;-;-;-;-;-;-;-;-;-;-;-;-;-;-;-;-;-;-;-;-;-;-;-;^;4;6;13,8;19,5;40,80%;-;0,40%
Peru;3,4;3,4;3,8;4;3,9;3,9;3,3;3,5;3,8;4,1;3,8;4;4,8;7,9;10;10,2;10,1;10,2;8,9;9,7;9,9;9,3;8,6;7,4;6,8;6,8;6;6,1;6,6;6,7;6,4;6,3;6,2;6;5,5;5,2;5;4,9;4,7;4,7;5,3;5,5;5,5;5,7;6,9;7,3;7;6,9;7,3;7,5;6,5;5,8;5,7;5,9;6,1;5,5;5,3;5,4;5,1;-4,43%;-3,40%;0,10%
Trinidad & Tobago;6,7;7,6;8,9;9,5;7,8;6,9;6,4;7;8,2;9,3;10,7;10,5;11,3;11,4;10,6;10,5;9,4;8,8;7,9;8,4;8,6;8,3;7,6;7,4;7,3;7,4;7,2;6,9;6,5;6,8;6,7;6,7;6,4;6,4;6,6;6,6;6,3;7,3;7,7;7,1;8,1;8,2;7,2;6,9;6,8;6,2;5,9;5,2;5,1;5,1;4,8;4,3;4,4;3,9;3,7;3,4;3,5;3,4;3,3;-1,83%;-4,20%;0,10%
Venezuela;184,1;178,8;187,9;191,8;190,8;197,2;189,9;173,8;181,4;160,7;127,1;124,8;121,5;117;127,4;117,3;113,6;102,6;97,3;97,6;91,5;98,9;100,3;105,2;105,7;117,8;131,3;131,6;136,1;144,5;155,3;165,2;171,5;177,8;159,1;160,3;163;152,7;147,5;170,2;169,4;171,1;165,7;165,8;155,9;145,8;141,5;139,3;137,8;138,5;147,6;132,6;113,2;84,3;53,4;34,6;34,5;37,5;43,7;16,57%;-10,80%;1,00%
Other S. & Cent. America;2,2;2,5;3,6;3,9;3,9;3;3,6;4;4;3,8;3,5;3,5;3;2,9;3;3,6;3,9;4,6;4,5;4,4;4,2;4,2;4;3,6;3,5;3,6;3,6;3,6;3,9;4,3;4,6;5;5,3;6,2;6,2;6,5;6,9;7,8;7,8;7,4;7,3;7,1;7,4;7,3;6,9;7,3;7,3;7,5;7,6;7,7;7,4;6,8;6,7;6,4;6,1;5,7;5,8;5,5;5,1;-7,35%;-4,00%;0,10%
Total S. & Cent. America;226,3;223,9;238,3;244,7;245,1;251,8;245,9;234,3;249,3;227,1;191,8;190,4;188,7;189,1;202,5;194,7;192,9;184,8;183,2;193,2;192,6;206,5;203,6;214;216,4;234;246,7;252,2;261,9;277,7;300,1;320,8;334,4;353,9;342,6;344,8;349,1;346;343,2;367,5;374,7;381,9;374,8;380,9;377,9;379;381,8;379;379,6;393,1;410,7;391,2;373,3;342;329,5;313;313,5;339,7;378,1;11,31%;?;8,40%
;;;;;;;;;;;;;;;;;;;;;;;;;;;;;;;;;;;;;;;;;;;;;;;;;;;;;;;;;;;;;;
Denmark;-;-;-;-;-;-;-;0,1;0,1;0,1;0,1;0,2;0,5;0,4;0,4;0,3;0,7;1,7;2,1;2,3;2,9;3,6;4,5;4,7;5,5;5,9;6,9;7,7;8,2;9;9,1;10,2;11,2;11,6;14,6;17,7;17;18,1;17,9;19,1;18,5;16,8;15,2;14;12,9;12,2;10,9;10;8,7;8,1;7,7;6,9;6,7;5,6;5;3,5;3,2;3,2;2,9;-8,25%;-10,30%;0,10%
Italy;2,3;1,9;1,7;1,6;1,6;1,5;1,4;1,2;1,1;1,1;1,2;1,3;1,2;1,5;1,7;1,7;1,5;1,8;2,2;2,3;2,4;2,6;3,9;4,8;4,6;4,7;4,3;4,5;4,6;4,9;5,2;5,5;6;5,6;5;4,6;4,1;5,5;5,6;5,4;6,1;5,8;5,9;5,2;4,6;5,1;5,3;5,4;5,5;5,8;5,5;3,8;4,1;4,7;4,3;5,4;4,8;4,5;4,3;-4,54%;-2,40%;0,10%
Norway;-;-;-;-;-;-;0,3;1,6;1,6;1,7;9,2;13,7;14;17,4;19,5;25;24,3;25,2;31,4;36;39,2;43;50,1;57;74,9;82,1;93,8;106,9;114,1;128,6;138,4;154,7;156,2;149,6;149,7;161,8;162,8;158,4;154,3;151,4;139,5;129,7;119,6;115,9;109,6;99,5;94,3;87,7;83,5;85,4;88;90,7;89,4;83,9;80,3;92,7;94,3;89,2;94,7;6,23%;1,30%;2,10%
Romania;12,8;13,1;13,5;13,5;13,5;13,7;14,1;14,4;14,6;14,8;15;15,1;15;14,1;12,7;12;12,1;12,2;12,1;11,9;11,2;10,7;10;9,8;9,6;8,1;7;6,8;6,9;7;7;6,9;6,8;6,6;6,4;6,3;6,2;6,1;5,9;5,7;5,4;5;4,7;4,7;4,5;4,3;4,2;4;4,1;4,1;4;3,8;3,6;3,6;3,6;3,5;3,3;3,1;3;-4,70%;-3,20%;0,10%
United Kingdom;0,1;0,1;0,1;0,1;0,1;0,2;0,2;0,3;0,4;0,4;1,6;12,2;38,3;54;77,9;80,5;89,5;103,2;115;126,1;127,6;127,1;123,4;114,5;91,7;91,6;91,3;94,3;100,2;126,5;129,9;129,7;127,9;132,6;137,1;126,2;116,7;115,9;106,1;95,4;84,7;76,6;76,6;71,8;68,2;63;52;44,6;40,6;39,9;45,3;47,4;46,6;50,9;51,8;49;40,9;37,8;33,4;-11,41%;-1,90%;0,70%
Other Europe;23,8;24,6;25,6;26,3;26,8;26,7;25,7;25,5;25,6;25,5;25,2;24,5;23,7;24,1;25,1;23,9;21,3;22,4;25,9;26,1;33,9;34,2;33,2;32,2;31,1;30,7;30,9;29,2;26,9;27,1;25,6;24,3;23,1;22,3;20,8;20,6;20,5;21,3;21,5;21,1;20;19,6;19,6;18,6;17,6;16,9;16,7;16,7;17,1;17;16,5;15,6;15;15,2;15;14,4;14,3;13,6;13,7;0,62%;-2,20%;0,30%
Total Europe;39;39,6;40,9;41,5;42;42;41,6;43,1;43,4;43,6;52,3;66,9;92,8;111,5;137,3;143,4;149,5;166,5;188,7;204,6;217,3;221,1;225,1;223;217,4;223,1;234,3;249,4;261;303,1;315,2;331,2;331,2;328,3;333,5;337,2;327,3;325,3;311,3;298,1;274,3;253,5;241,5;230,3;217,3;200,9;183,4;168,3;159,5;160,3;166,9;168,2;165,5;163,9;160;168,4;160,9;151,4;152,1;0,47%;-0,50%;3,40%
;;;;;;;;;;;;;;;;;;;;;;;;;;;;;;;;;;;;;;;;;;;;;;;;;;;;;;;;;;;;;;
Azerbaijan;-;-;-;-;-;-;-;-;-;-;-;-;-;-;-;-;-;-;-;-;13,2;13,1;13,9;13,7;13,2;12,5;11,8;11,2;10,3;9,6;9,2;9,1;9;11,4;13,9;14,1;15;15,3;15,4;15,5;22,2;32,3;42,7;44,6;50,5;50,9;45,7;43,4;43,5;42,1;41,7;41,1;38,7;38,8;37,6;34,6;34,6;32,7;30,2;-7,47%;-3,60%;0,70%
Kazakhstan;-;-;-;-;-;-;-;-;-;-;-;-;-;-;-;-;-;-;-;-;22,7;23,3;24,1;25;25,4;25,8;26,6;25,8;23;20,3;20,6;23;25,8;25,9;30,1;35,3;40,1;47,3;51,4;59,5;61,5;65;67,1;70,7;76,5;79,7;80,1;79,2;81,8;80,8;79,5;78;86,2;90,4;90,6;85,7;85,9;84,2;90;6,82%;1,00%;2,00%
Russian Federation;-;-;-;-;-;-;-;-;-;-;-;-;-;-;-;-;-;-;-;-;542,3;561,2;569,5;568,8;552,2;515,9;461,9;398,8;354,9;317,6;310,7;302,9;307,4;304,3;304,8;326,7;351,7;383,7;425,7;463,3;474,8;486,3;497,3;494,3;501,4;512,3;519,5;526,7;532,2;537,4;544,6;558,5;558,5;567,9;573,4;524,4;538,8;548,5;541,7;-1,25%;0,20%;12,00%
Turkmenistan;-;-;-;-;-;-;-;-;-;-;-;-;-;-;-;-;-;-;-;-;6,8;6,6;6,5;5,7;5,8;5,7;5,4;5,2;4,4;4,2;4,1;4,4;5,4;6,4;7,1;7,3;7,7;8,2;8,7;9,2;9,7;10;10,3;10,6;10,9;11,1;11,5;12;12,5;12,9;13,2;13,2;13,1;12,5;12,2;10,4;9,8;9,6;9,2;-4,04%;-3,00%;0,20%
USSR;242,9;265,1;288,1;309,2;328,3;353;377;400,4;429;458,9;490,8;519,7;545,8;571,5;585,6;603,2;608,8;612,6;616,3;612,7;-;-;-;-;-;-;-;-;-;-;-;-;-;-;-;-;-;-;-;-;-;-;-;-;-;-;-;-;-;-;-;-;-;-;-;-;-;-;-;-;-;?
Uzbekistan;-;-;-;-;-;-;-;-;-;-;-;-;-;-;-;-;-;-;-;-;2,3;2,5;2,7;2,4;2,7;2,8;2,8;3,3;4;5,5;7,6;7,6;7,9;8,2;8,1;7,5;7,2;7,2;7,2;6,6;5,4;5,4;5,2;4,9;4,4;4;3,7;3,3;3,2;2,9;2,7;2,6;2,8;2,9;2,8;2;2,1;2,1;2;-5,16%;-4,60%;?
Other CIS;-;-;-;-;-;-;-;-;-;-;-;-;-;-;-;-;-;-;-;-;2,6;2,6;2,5;2,5;2,4;2,4;2,3;2,2;2,2;2,1;2,1;2;1,9;1,9;1,9;1,9;1,9;1,9;1,9;1,9;1,9;1,9;1,9;1,8;1,8;1,8;1,8;1,8;1,8;1,8;1,8;1,8;1,8;1,9;1,9;2;2;2,1;2,2;3,16%;2,30%;?
Total CIS;242,9;265,1;288,1;309,2;328,3;353;377;400,4;429;458,9;490,8;519,7;545,8;571,5;585,6;603,2;608,8;612,6;616,3;612,7;589,9;609,2;619,1;618,1;601,7;565;510,8;446,5;398,7;359,3;354,3;348,9;357,4;358,2;365,8;392,8;423,7;463,7;510,3;556;575,6;600,8;624,4;626,9;645,4;659,9;662,3;666,5;674,9;677,9;683,4;695,2;701,1;714,3;718,5;659,1;673,2;679,2;675,2;-0,59%;?;15,00%
;;;;;;;;;;;;;;;;;;;;;;;;;;;;;;;;;;;;;;;;;;;;;;;;;;;;;;;;;;;;;;
Iran;95,7;106,9;130,5;142,8;169,3;192,6;228,7;253,7;295,4;303,2;269,5;297;285,6;264,8;160,5;74,2;66,2;120,1;122,8;102,5;110,4;102,7;116,7;117,4;143,8;162,8;174,4;175,7;184,3;185;185,5;186,6;187;190,8;178,1;191,7;189,8;179,1;202,1;208,8;207,9;210,6;213,3;215,4;207,2;212;212,5;180,5;169,7;174;180,2;216,1;234,5;222,6;161,7;147,7;172,2;180,2;214,3;18,89%;2,40%;4,70%
Iraq;64,7;68,6;60,5;74,2;74,9;76,3;83,4;72,4;99,4;97,3;111,7;119,5;116;126,6;171,6;131,1;44,5;48,5;54,4;60,5;69,8;93,2;117,3;136,7;139;105,3;13,9;26,1;22,3;24,8;26;28,6;57,1;104,2;128,3;128,8;123,9;103,9;66;99,9;89,9;98;105,1;119,3;119,7;120,8;135,8;151,3;151,9;158,8;195,6;217,6;222,4;227;234,2;202;200,8;221,3;213;-3,74%;3,40%;4,70%
Kuwait;119;125,6;126,4;133,1;140,9;151,8;162,5;167,3;153,8;129,9;106,3;109,9;100,8;108,8;129,6;86,8;58,6;42,7;55;60,7;55,5;59,4;52,1;63;68,4;46,8;9,2;54;96,6;103,4;104,9;105,1;105,1;110;102,6;109,9;106,5;98,8;115,6;123,3;130,4;133,8;130;136,2;121;123,4;140,9;154;151,4;150,2;148,2;152,7;145;146,8;143,4;131,2;130;145,9;139,8;-4,19%;-0,80%;3,10%
Oman;-;-;2,8;12;16,2;16,4;14,6;14;14,5;14,4;16,9;18,2;16,8;15,6;14,6;14,1;16,3;16,7;19,3;20,8;24,8;27,9;29;30,9;32,1;34,2;35,3;37;38,8;40,5;42,8;44,4;44,9;44,7;44,7;47;46,9;44;40,2;38,4;38;36,2;34,8;37,1;39,7;42,2;43,2;45;46,1;46,2;48;49,3;47,6;47,8;47,3;46,1;46,8;51,4;50,6;-1,70%;0,90%;1,10%
Qatar;11,6;14,5;16,1;17;17,7;18,1;21,4;24,1;28,4;25,8;21,8;24,3;21,7;24,1;25,2;23,7;20,7;16,9;15,3;17,1;15,3;17,3;15,3;17,6;19,7;21,1;20,4;23,6;21,8;21,3;21,8;27,1;33,3;33,6;34,3;40,2;40;37,3;43,8;49,9;52,6;56,7;57,5;64,5;62,4;70,9;77,7;81,9;81,7;79,9;77,4;77,6;74,8;75,1;72,3;72,2;70,8;72,7;74,1;1,97%;-1,00%;1,60%
Saudi Arabia;111;131;141,3;154,2;162,8;192,2;240,8;304,2;384;429,6;359,3;437,3;468,4;424,4;488;509,8;506,3;340,2;240,3;219;172,1;252,6;213,6;273,3;271,2;342,6;428,3;442,1;429,3;432,2;431,3;437,4;432;445,3;408,5;438,5;427,7;390,1;460,5;492,8;516,6;508,9;488,9;510;459;463,3;522,7;549,2;538,4;543,8;568;586,7;559,3;576,8;556,6;519,6;515;574,2;531,7;-7,41%;-0,10%;11,80%
Syria;-;-;-;1;2,6;4,2;5,3;5,8;5,5;6,4;9,6;10;9,1;8,9;8,3;7,9;8,2;7,7;8;8,1;7,9;10;11,5;13,4;16,9;20,2;23,5;25,6;28,1;28;29,6;29,2;28,7;28,6;28,8;28,1;29,9;32,7;31,6;23,5;21,7;20,3;19,5;19,6;19,3;18,5;16,9;8,1;2,7;1,5;1,2;1,1;1,1;1,1;1,5;2;2;2;1,8;-6,94%;-3,80%;?
United Arab Emirates;13,7;17,4;18,5;24,1;30,4;37,8;51,3;58,4;74,2;81,3;80,6;94;96,8;88,6;88,7;83,8;74,1;64,4;60,7;58,1;56;64,6;68,2;72;85,1;93,2;106,9;117,7;114,4;115,3;114,4;116,9;117,3;121,5;112;121,5;118,4;109;126,2;131,3;136,6;145,7;143,6;145,2;128,8;134,2;149,4;154,9;161,6;162,9;175,1;181,6;174,9;176;179,9;165,9;163,4;181,1;176,1;-2,79%;0,90%;3,90%
Yemen;-;-;-;-;-;-;-;-;-;-;-;-;-;-;-;-;-;-;-;-;-;0,5;1,2;8,2;8,5;8,7;9,4;8,7;9,9;16,4;16,7;16,9;17,7;18;19,2;20,9;21,4;21,6;21,2;20;19,8;18,1;15,9;14,8;14,4;14,3;10,2;8,3;9,1;6,9;2,2;1,6;3;4,1;4,1;3,8;3,5;3,1;1,9;-37,68%;-14,40%;?
Other Middle East;3;3,3;3,6;3,9;3,9;3,9;3,8;3,5;3,4;3,4;3,1;2,9;2,9;2,8;2,6;2,7;2,6;2,5;2,4;2,4;2,4;2,4;2,4;2,5;2,5;2,4;2,5;2,5;2,5;2,4;2,4;2,3;2,3;2,3;2,2;2,3;2,2;2,3;2,3;2,3;9,1;8,9;9,5;9,5;9,4;9,4;9,9;9;10,3;10,5;10,5;10,6;10,2;10,2;10,4;9,9;10,2;10,2;10,6;3,98%;0,30%;0,20%
Total Middle East;418,7;467,2;499,8;562,4;618,7;693,3;811,8;903,6;1058,7;1091,2;978,7;1113,2;1118,1;1064,6;1089,1;934;797,5;659,7;578,2;549,3;514,1;630,5;627,3;735,1;787,1;837,4;823,8;913;948;969,2;975,4;994,6;1025,4;1098,9;1058,6;1128,9;1106,8;1018,7;1109,5;1190,2;1222,5;1237,3;1218,2;1271,7;1181;1209,2;1319,3;1342,2;1322,9;1334,8;1406,5;1495;1472,8;1487,4;1411,4;1300,3;1314,7;1442,1;1413,9;-1,96%;0,70%;31,30%
;;;;;;;;;;;;;;;;;;;;;;;;;;;;;;;;;;;;;;;;;;;;;;;;;;;;;;;;;;;;;;
Algeria;26,1;33,6;38,6;42,4;44,4;48,3;36,8;49,7;51,7;47,8;46,8;52,2;55,8;56,9;58,1;51,5;45,9;45,7;45;48,8;47,1;48,5;50,2;52,6;54,5;58,4;58,7;56,5;56,3;56,1;55,8;59;61,6;61,4;58,5;66,8;65,8;70,9;79;83,6;86,4;86,2;86,5;84,8;77,2;73,8;71,7;67,2;64,8;68,8;67,2;68,4;66,6;65,3;64,3;57,6;58,2;62,1;60,4;-2,72%;-0,70%;1,30%
Angola;0,7;0,6;0,5;0,8;2,5;5,1;5,7;7,1;8,2;8,5;7,8;7,6;7,1;6,5;7,2;7,4;7,2;6,4;8,8;10,1;11,5;13,9;17,5;22,3;22,6;23,4;24,5;27,2;24,8;27,4;31,2;35,4;36,5;36;36,7;36,9;36,6;44,6;42,8;54,6;62,4;68,7;81,2;92,3;86;88,9;82;85,3;85,2;83,3;88,2;85,8;81,6;74,1;69,1;64,6;57,1;57,8;55,8;-3,45%;-4,10%;1,20%
Chad;-;-;-;-;-;-;-;-;-;-;-;-;-;-;-;-;-;-;-;-;-;-;-;-;-;-;-;-;-;-;-;-;-;-;-;-;-;-;1,2;8,8;9,1;8;7,5;6,7;6,2;6,4;6;5,3;4,8;4,7;5,8;6,1;5,2;6,1;6,7;6,6;6,1;6,5;7;8,18%;4,00%;0,20%
Republic of Congo ;0,1;0,1;^;^;^;^;^;0,3;2,1;2,5;1,8;2,1;1,6;2,4;2,8;3,2;4,1;4,6;5,4;6;5,9;6;6,3;7;8;8;8,1;8,6;9,5;9,6;9,3;10,4;11,6;13,6;13,7;13,5;12,5;12;11;11,5;12,6;14,2;11,5;12,2;14,1;16;15,3;14,2;12,3;12,9;11,9;11,9;13,8;16,9;17,2;15,8;14;13,7;14,2;3,53%;1,40%;0,30%
Egypt;6,5;6,3;5,6;8,6;12,3;16,4;15;10,7;8,5;7,5;11,7;16,6;20,9;25,2;26,1;29,8;32,2;33,3;36,4;41,8;45,1;41,1;46,2;44,2;44,5;45,5;45,4;46;47,5;46,5;46,6;45,1;43,8;43;41,4;38,9;37,6;37,2;37,1;34,8;33,2;33,2;33,8;34,7;35,3;35;34,6;34,7;34,4;35,1;35,4;33,8;32,2;32,8;31,8;31,1;29,6;29,9;29,8;-0,35%;-1,40%;0,70%
Equatorial Guinea;-;-;-;-;-;-;-;-;-;-;-;-;-;-;-;-;-;-;-;-;-;-;-;-;-;-;-;0,1;0,2;0,2;0,3;0,8;3;4,1;5;5,7;9,4;11,1;12,7;16,6;17,5;17,2;17,7;17,6;15,6;14,5;14,2;15,2;13,2;13,3;12,1;10,3;9;8,1;7,4;7,4;6,1;5,6;4;-27,66%;-11,20%;0,10%
Gabon;1,3;1,4;3,4;4,6;5;5,4;5,8;6,3;7,6;10,2;11,3;11,3;11,3;10,6;9,8;8,9;7,7;7,8;7,9;8,7;8,6;8,3;7,7;8,9;10,2;13,5;14,7;14,5;15,2;16,8;17,8;18,3;18,2;16,8;17;13,8;13,1;12,8;13,7;13,7;13,5;12,1;12,3;12;12;11,6;11,8;11,1;10,7;10,5;10,7;11;10,5;9,7;10,9;10,4;9;9,5;11,1;17,03%;0,40%;0,20%
Libya;58;71,7;82,4;123,9;147,7;159,5;130,7;106,8;104,6;73,6;71,5;93,5;99,6;95,6;101,1;88,3;59,1;55,4;54,3;48,2;48,4;50,2;47,3;49,7;54,9;67,2;67,9;69,7;66,1;67,5;67,9;68,6;70,1;69,6;67;69,5;67,1;64,6;69,8;76,5;82;88;89,6;88,2;81,7;84,6;24,3;72,6;49,4;24,4;20,5;19,3;43,8;54,9;58;19,7;60,4;53,6;59,7;11,39%;1,90%;1,30%
Nigeria;13,5;20,6;15,7;7;26,6;53,4;75,4;89,7;101,2;111,1;87,8;102,1;102,7;93,4;113,4;101,7;70,9;63,4;60,9;68,6;73,8;72,2;66,4;68,3;87;87,5;96,1;99,7;98,4;94,3;95,1;96,4;96,5;98,9;92,3;106,5;105,3;95;112,2;121,7;121,1;115,5;107,2;105,7;106,8;122;118,3;116,4;109,4;109,2;105,7;91,3;94,4;96,2;100,9;91,4;80,7;69,3;73,9;6,71%;-3,80%;1,60%
South Sudan;-;-;-;-;-;-;-;-;-;-;-;-;-;-;-;-;-;-;-;-;-;-;-;-;-;-;-;-;-;-;-;-;-;-;-;-;-;-;-;-;-;-;-;-;-;-;-;1,5;4,9;7,7;7,3;6,8;7,3;7,1;8,4;8,1;7,5;6,9;7,3;4,68%;4,00%;0,20%
Sudan;-;-;-;-;-;-;-;-;-;-;-;-;-;-;-;-;-;-;-;-;-;-;-;-;-;-;-;-;0,1;0,1;0,1;0,2;0,4;0,6;3,1;8,8;10,3;11,6;12,9;14,4;14,5;17,5;23,8;22,6;23,4;22,8;14,3;5,1;5,8;5,9;5,4;4,2;3,4;3,7;3,6;3,1;3,2;3,1;2,8;-7,25%;-6,90%;0,10%
Tunisia;-;0,8;2,2;3,2;3,7;4,2;4,1;4;3,9;4,1;4,6;3,7;4,3;4,9;5,5;5,6;5,4;5,1;5,5;5,5;5,4;5,3;5;4,9;5;4,7;5,4;5,5;4,9;4,6;4,4;4,4;4,2;4,1;4,2;3,7;3,3;3,5;3,2;3,3;3,4;3,3;4,5;4,2;3,9;3,8;3,4;3,4;3,1;2,9;2,6;2,4;2,1;2;1,8;1,7;2,1;1,8;1,7;-1,76%;-5,80%;?
Other Africa;0,1;0,1;0,1;0,1;0,1;^;^;^;^;^;^;1,3;1,2;1,6;2,8;3,9;6;7,5;8,2;10,4;12,2;11,8;11,1;10,7;9,9;9,6;8,9;8,3;8,3;7,8;7,8;8,6;9,4;8,3;7,5;7,3;6,8;6,8;7;8,6;8,8;11,4;9,6;9,2;9,1;7,4;9,9;10,3;12;12,2;13,7;13,5;15,7;15,5;17,1;16,3;14,4;13,9;13,7;-1,49%;1,30%;0,30%
Total Africa;106,2;135,2;148,7;190,6;242,3;292,3;273,5;274,6;287,8;265,3;243,4;290,4;304,5;297,2;326,8;300,3;238,4;229,2;232,4;248,1;258;257,2;257,8;268,7;296,6;317,8;329,7;336;331,6;330,9;336,3;347,2;355,2;356,4;346,4;371,4;367,7;370,1;402,6;448;464,5;475,3;485,1;490,1;471,4;486,9;405,9;442,3;409,9;390,8;386,4;364,8;385,4;392,4;397,2;333,9;348,4;333,6;341,5;2,38%;-1,80%;7,60%
;;;;;;;;;;;;;;;;;;;;;;;;;;;;;;;;;;;;;;;;;;;;;;;;;;;;;;;;;;;;;;
Australia;0,3;0,4;1;1,9;2,2;8,7;15,3;16,3;20,4;20,2;21,6;22,1;23,4;23,2;23,3;21,8;21,3;21;20,4;26,5;30,7;27,4;29,1;27,7;26,1;30,3;28,6;28,2;26,3;28,3;26,7;28,1;29,8;28,2;27,5;37,1;34,3;34,1;29,5;25,8;25,3;23,1;24,6;24,6;24,1;24,6;21,4;21,2;17,6;18,6;16,8;15,4;13,9;14,6;19,3;19,1;18,4;17,1;15,7;-8,32%;-1,20%;0,30%
Brunei;4;4,8;5,2;6,1;6,2;6,7;6,4;9,1;11,4;9,7;9,2;10,6;11,1;11,7;12,7;11,7;8,5;8,7;8,7;8,4;8,2;8,1;7,6;7,3;7,3;7,4;8;8,9;8,5;8,7;8,5;8,1;8;7,7;8,9;9,5;10;10,3;10,5;10,3;10,1;10,8;9,5;8,6;8,2;8,4;8,1;7,8;6,6;6,2;6,2;5,9;5,5;5,4;5,9;5,4;5,2;4,5;4,5;0,18%;-3,70%;0,10%
China;11,3;14,6;13,9;16;21,7;30,7;39,4;45,7;53,6;64,9;77,1;87,2;93,6;104,1;106,2;106;101,2;102,1;106,1;114,6;124,9;130,7;134,1;137,1;137,6;138,3;141;142;144;146,1;149;158,5;160,1;160,2;160,2;162,6;164,8;166,9;169,6;174,1;181,4;184,8;186,3;190,4;189,5;203;202,9;207,5;210;211,4;214,6;199,7;191,5;189,3;191,6;194,8;198,9;204,7;209;2,10%;?;4,60%
India;3;4,6;5,7;5,9;6,7;6,8;7,2;7,4;7,2;7,5;8,3;8,7;10,2;11,3;12,8;9,4;15;19,9;25,4;28,2;30,2;31,6;30,7;32,3;34,4;34,2;32,2;29,2;27,9;32,4;36,6;34,8;35,6;34,7;34,6;34,2;34,2;35,2;35,4;36,3;34,9;36;36,4;37,8;38;41,2;42,9;42,5;42,2;41,6;41,2;40,6;40,4;39,5;37,5;35,1;34;33;32,6;-1,43%;-2,60%;0,70%
Indonesia;24,5;23,9;25,7;30,3;32,4;43,1;45;54,7;67,5;69,4;65,9;76,1;84,9;82,1;79,5;79;80;66,6;70,7;74,9;66,3;70,4;69,8;67,3;71,6;74,4;81;76,7;76,9;76,9;76,5;76,7;75,7;74,2;68,6;71,8;68,2;63,3;57,6;55,6;53,7;50,2;47,8;49,4;48,4;48,6;46,3;44,6;42,4;41;40,6;42,6;40,9;39,5;38,1;36,3;33,7;31,5;31,1;-1,31%;-3,00%;0,70%
Malaysia;^;^;^;0,2;0,4;0,9;3,3;4,5;4,3;3,9;4,7;8;8,7;10,3;13,5;13,2;12,4;14,5;18,4;21,4;21,3;23,9;23,6;25,7;28;29,5;30,8;31,3;30,6;31,1;33,3;33,8;33,5;34;32,4;33,6;32,6;34,2;35,4;36,3;34,2;32,2;33,3;33,6;31,8;33,1;29,7;30,1;28,7;29,8;32,2;33,3;32,9;32,5;30,6;28;25,9;25,3;25,5;0,74%;-1,20%;0,60%
Thailand;-;-;-;-;-;-;-;-;-;-;-;-;-;-;-;-;0,1;0,2;0,6;1,1;2;2;1,8;2,1;2;2,4;2,8;3,3;3,4;3,4;3,3;3,8;4,3;4,5;4,9;7,1;7,8;8,5;10;9,8;11,9;13;13,7;14,5;15;15,2;15,8;17,3;17,1;16,9;17,6;18,1;17,6;17;16,9;15,1;13,9;11,5;11,2;-2,41%;-4,10%;0,20%
Vietnam;-;-;-;-;-;-;-;-;-;-;-;-;-;-;-;-;-;-;-;-;-;-;0,3;0,7;1,5;2,7;4;5,5;6,3;7,1;7,6;8,8;10,1;12,5;15,2;16,5;17,1;17,2;18,1;20,4;18,9;17,1;16,2;15,2;16,6;15,3;15,4;17;16,9;15,9;17,2;15,5;13,9;12,4;11,4;10;9,5;9,3;9;-3,18%;-6,10%;0,20%
Other Asia Pacific;1,7;1,6;1,5;1,7;1,7;1,9;2;2,1;2,2;2,3;2,3;3;3,4;3,4;4,4;3,7;3,7;4;4,3;4,9;5,8;5,9;5,6;5,8;6,2;6,7;6,9;9,6;12,9;12,1;10,7;11,4;10,4;9,9;10;9,1;8,8;9;8,8;10,4;12,4;13,1;14;14,9;14,4;13,8;13,1;12,6;11,9;13;13,1;12,4;12;10,3;10,1;9,2;8,7;7,5;7,1;-4,96%;-5,00%;0,20%
Total Asia Pacific;44,9;50;53;62;71,4;98,8;118,6;139,7;166,8;177,8;189;215,7;235,5;246,1;252,4;244,9;242;237;254,5;279,9;289,4;299,9;302,7;305,9;314,8;326;335,2;334,7;336,8;346,1;352,3;364;367,5;365,9;362,3;381,5;377,7;378,8;374,9;378,9;382,8;380,4;381,9;388,9;386,1;403,3;395,5;400,5;393,4;394,4;399,4;383,5;368,6;360,6;361,5;353,1;348,2;344,5;345,7;0,36%;-1,30%;7,70%
;;;;;;;;;;;;;;;;;;;;;;;;;;;;;;;;;;;;;;;;;;;;;;;;;;;;;;;;;;;;;;
Total World;1567,6;1702,2;1826,2;1992,3;2144,5;2358,9;2493,6;2635,4;2875,8;2882,2;2737,6;2974,3;3078,1;3106,1;3237,6;3091,1;2911,3;2796,1;2762;2816,2;2791,5;2929,4;2936,2;3061,7;3098,7;3157,9;3149,4;3195;3190,5;3234,7;3279,1;3366,4;3441,4;3528,3;3448,4;3599,6;3598,8;3555,4;3713,2;3899,3;3932,5;3967,4;3958,9;4001,1;3901,6;3978,6;4009,3;4120,9;4126;4222,7;4363,9;4380,7;4387;4490,2;4487,4;4188,2;4237,9;4424,1;4514,1;2,00%;0,90%;100,00%
of which: OECD;526,3;557,6;594,3;619,4;636,5;674,1;677,2;692,2;696,8;673,3;655,5;656,5;697,9;749,6;793,3;827;845,6;887,2;911,9;954,7;968,2;951,3;957,7;950,9;913,4;917,1;941,8;952;952,6;992,8;1007,1;1041,6;1055,9;1053,5;1034;1043,7;1030,3;1032,9;1020,6;1002;955,4;932,5;918,6;890,8;892,2;899,7;907,1;954,3;1008,5;1095,4;1140,5;1106,6;1138,3;1246,9;1328,4;1282,6;1290,6;1335,7;1411,2;5,60%;3,40%;31,30%
                 Non-OECD;1041,3;1144,6;1231,9;1372,9;1508;1684,8;1816,4;1943,2;2179;2208,9;2082;2317,8;2380,3;2356,5;2444,3;2264,1;2065,7;1908,9;1850,1;1861,5;1823,3;1978,2;1978,5;2110,8;2185,3;2240,8;2207,7;2243;2237,9;2241,9;2271,9;2324,8;2385,5;2474,9;2414,4;2555,9;2568,5;2522,5;2692,5;2897,3;2977,1;3034,8;3040,3;3110,3;3009,4;3078,9;3102,2;3166,6;3117,4;3127,3;3223,5;3274,1;3248,7;3243,3;3159,1;2905,6;2947,3;3088,4;3102,9;0,50%;?;68,70%
                 OPEC;687,8;756,2;805,9;898,9;995,3;1119,6;1211,1;1289,8;1463,6;1455,6;1281,6;1451,3;1467,1;1395,8;1458,1;1264;1058,2;901,7;812,6;789;750,5;870,5;863,6;976,5;1050,3;1126,5;1134;1223,4;1253,7;1277;1294,7;1328,7;1367,5;1450;1378,8;1463,4;1439;1344,5;1459,1;1604,3;1646,3;1670,1;1652,6;1704,8;1585,3;1611,1;1640,5;1711,1;1655,8;1650,7;1731,1;1785,4;1769;1758,8;1657;1468;1501,5;1611,8;1597,8;-0,90%;-0,40%;35,40%
                 Non-OPEC ;879,8;946;1020,3;1093,3;1149,2;1239,3;1282,5;1345,6;1412,1;1426,5;1456;1523;1611;1710,4;1779,5;1827,1;1853,1;1894,4;1949,4;2027,2;2041;2058,9;2072,6;2085,2;2048,4;2031,5;2015,4;1971,6;1936,8;1957,6;1984,4;2037,7;2073,9;2078,3;2069,6;2136,2;2159,9;2210,9;2254,1;2295;2286,2;2297,3;2306,3;2296,3;2316,3;2367,5;2368,8;2409,7;2470,2;2572;2632,8;2595,3;2618;2731,4;2830,5;2720,3;2736,4;2812,3;2916,3;3,70%;1,70%;64,60%
                 European Union #;34,5;34,4;34,7;34,7;34,3;33,9;33;32,4;32,5;33;32,9;32,6;32;31,1;30;29,3;27,7;30,2;34,8;35;36,1;37,1;37,9;38,6;37,7;38,1;37,3;37;36,7;38,5;37,7;37,5;38;37,5;38,8;41,5;40,2;43,6;43,3;43,4;42,1;39,1;37,2;34,6;31,7;30,5;29,2;28;27,3;27,1;26,1;23;22,6;21,9;20,2;19,2;18;16,8;16;-5,10%;-5,20%;0,40%
;;;;;;;;;;;;;;;;;;;;;;;;;;;;;;;;;;;;;;;;;;;;;;;;;;;;;;;;;;;;;;Source: includes data from FGE Iran Service.
* Includes crude oil, shale oil, oil sands, condensates (lease condensate or gas condensates that require further refining) and NGLs (natural gas liquids - ethane, LPG and naphtha separated from the production of natural gas). ;;;;;;;;;;;;;;;;;;;;;;;;;;;;;;;;;;;;;;;;;;;;;;;;;;;;;;;;;;;;;;
Excludes liquid fuels from other sources such as biofuels and synthetic derivatives of coal and natural gas. This also excludes liquid fuel adjustment factors such as refinery processing gain. Excludes oil shales/kerogen extracted in solid form.;;;;;;;;;;;;;;;;;;;;;;;;;;;;;;;;;;;;;;;;;;;;;;;;;;;;;;;;;;;;;;
 ^ Less than 0.05.;;;;;;;;;;;;;;;;;;;;;;;;;;;;;;;;;;;;;;;;;;;;;;;;;;;;;;;;;;;;;;
 ? Less than 0.05%;;;;;;;;;;;;;;;;;;;;;;;;;;;;;;;;;;;;;;;;;;;;;;;;;;;;;;;;;;;;;;
n/a not applicable.;;;;;;;;;;;;;;;;;;;;;;;;;;;;;;;;;;;;;;;;;;;;;;;;;;;;;;;;;;;;;;
USSR includes CIS, Georgia, Ukraine and the Baltic States.;;;;;;;;;;;;;;;;;;;;;;;;;;;;;;;;;;;;;;;;;;;;;;;;;;;;;;;;;;;;;;
 # Excludes Estonia, Latvia and Lithuania prior to 1985 and Croatia and Slovenia prior to 1990.;;;;;;;;;;;;;;;;;;;;;;;;;;;;;;;;;;;;;;;;;;;;;;;;;;;;;;;;;;;;;;
Notes: Annual changes and shares of total are calculated using million tonnes figures. Growth rates are adjusted for leap years.;;;;;;;;;;;;;;;;;;;;;;;;;;;;;;;;;;;;;;;;;;;;;;;;;;;;;;;;;;;;;;
